"NAME","DISCIPLINE"
"Office management technology","MANAGEMENT SCIENCE"
"ADULT EDUCATION AND ECONOMICS","MANAGEMENT SCIENCE"
"Environmental Protection and Resource Managment","HEALTH, SAFETY AND ENVIRONMENT"
"History And Diplomacy","ARTS"
"Purchasing & Supply","ADMINISTRATION AND MANAGEMENT"
"Geography and Environmental Management","SOCIAL SCIENCES"
"Geology","SCIENCES"
"Strategic Project Management","ADMINISTRATION AND MANAGEMENT"
"Biological Science","SCIENCES"
"Industrial Safety","SCIENCES"
"Industrial Microbiology","SCIENCES"
"Education/Political Science","EDUCATION"
"Crop Science","AGRICULTURE"
"International Oil and Gas Management","ADMINISTRATION AND MANAGEMENT"
"Medical Rehabilitation","BASIC MEDICAL AND HEALTH SCIENCES"
"Shipping Management","ADMINISTRATION AND MANAGEMENT"
"General Science","SCIENCES"
"Energy/Petroleum Economics","SOCIAL SCIENCES"
"Petroleum Geosciences","SCIENCES"
" Information Management and Business Technology","SCIENCES"
"Marine Biology","SCIENCES"
"Industrial Physics","SCIENCES"
"Secretarial Administration","ADMINISTRATION AND MANAGEMENT"
"Engineering Physics","SCIENCES"
"Transport Management Technology","ADMINISTRATION AND MANAGEMENT"
"Environmental Science","ENVIRONMENTAL SCIENCES"
"Comparative Labour Studies","SOCIAL SCIENCES"
"Financial Management","ADMINISTRATION AND MANAGEMENT"
"Financial Management","ADMINISTRATION AND MANAGEMENT"
"Economics/Social studies","EDUCATION"
"Food Production Management","SCIENCES"
"Food Production Management","SCIENCES"
"Human Resource Management","ADMINISTRATION AND MANAGEMENT"
"Mass Communication","ARTS"
"Pure and Applied Mathematics","SCIENCES"
"Soil Science","SCIENCES"
"Animal Science Technology","AGRICULTURE"
"Agronomy","AGRICULTURE"
"Farm Power And Machinery","AGRICULTURE"
"Oil and Gas Management","SCIENCES"
"Petroleum Marketing","ADMINISTRATION AND MANAGEMENT"
"Policy and administration","ADMINISTRATION AND MANAGEMENT"
"Accounting And Finance","ADMINISTRATION AND MANAGEMENT"
"Business Education","ADMINISTRATION AND MANAGEMENT"
"Agric And Environmental Engineering","AGRICULTURE"
"Agric And Farm Administration","AGRICULTURE"
"Agric business And Management","AGRICULTURE"
"Agricultural & Bioresources Engineerring","AGRICULTURE"
"Agricultural Extension And Management","AGRICULTURE"
"Agricultural Science","AGRICULTURE"
"Agricultural Technology","AGRICULTURE"
"Animal And Environmental Biology","AGRICULTURE"
"Competitive Strategy And Game Theory","ARTS"
"Journalism","ARTS"
"Pure and Applied Art","ARTS"
"Environmental Engineering","ENVIRONMENTAL SCIENCES"
"Environmental Management","ENVIRONMENTAL SCIENCES"
"Environmental Microbiology","ENVIRONMENTAL SCIENCES"
"Laboratory Technology","BASIC MEDICAL AND HEALTH SCIENCES"
"Applied Biochemistry","SCIENCES"
"Applied Process Control","SCIENCES"
"Social Science","SCIENCES"
"Pure Sciences","SCIENCES"
"Pure & Applied Chemistry","SCIENCES"
"Pollution Management","SCIENCES"
"Pharmacology","SCIENCES"
"Parasitology","SCIENCES"
"Computer Diploma","SCIENCES"
"Computer Maintenance","SCIENCES"
"Education/Environmental","EDUCATION"
"Education/Technical","EDUCATION"
"Educational Administration And Planning","EDUCATION"
"Industrial Studies","SCIENCES"
"International Relations","ARTS"
"International Studies","ARTS"
"Logistics","ARTS"
"Occupational Safety and Health","SCIENCES"
"Education And Government Studies","EDUCATION"
"Safety And Security Management","SCIENCES"
" Industrial Physics","SCIENCES"
"Shipping, Trade and Finance","SCIENCES"
"marine operation and management","MARINE OPERATIONS AND MANAGEMENT"
"Polymer Technology","SCIENCES"
"Geography And Meteorology","ENVIRONMENTAL SCIENCES"
" International law","LAW"
"Linguistics and French","ARTS"
"Business Management and Franchising","ADMINISTRATION AND MANAGEMENT"
"Geology And Mining","APPLIED NATURAL SCIENCE"
"Maritime Transport And Business Management","SOCIAL SCIENCES"
"Communication Technology","SCIENCES"
"Logistics And Supply Chain Management","ADMINISTRATION AND MANAGEMENT"
"Safety, Health and Environment","SCIENCES"
"Business Information Systems","MANAGEMENT SCIENCE"
"Applied Geophysics","MARINE OPERATIONS AND MANAGEMENT"
"Energy and Petroleum Economics","SOCIAL SCIENCES"
"Molecular Biology","MEDICINE"
"Mathematics & Statistics","SCIENCES"
"Adult And Community Education","EDUCATION"
"BIOCHEMISTRY","SCIENCES"
"Applied Linguistics","ARTS"
"Mathematics And Physics","SCIENCES"
"Library and Information Technology","SCIENCES"
"Geographical Information System","GEOINFORMATICS"
"Quality Management","MANAGEMENT SCIENCE"
"Information Technology","SOCIAL SCIENCES"
"Animal Science and Fisheries","AGRICULTURE"
"Operations and Supply Chain Management","SOCIAL SCIENCES"
"Remote Sensing and Geographic Information System","ENVIRONMENTAL SCIENCES"
"Physical Oceanography","SCIENCES"
"Political Science and Public Administration","SOCIAL SCIENCES"
"Petroleum and Environmental Technology","ENVIRONMENTAL SCIENCES"
"Radiation and Environmental Protection","SCIENCES"
"Industrial and Personnel Management","MANAGEMENT SCIENCE"
"Environmental Health Safety and Security","HEALTH, SAFETY AND ENVIRONMENT"
"Agricultural Extension and Rural Sociology","AGRICULTURE"
"Marine Geology","SCIENCES"
"Nautical Science","MARINE OPERATIONS AND MANAGEMENT"
"Oil and Gas Management","HEALTH, SAFETY AND ENVIRONMENT"
"Petroleum Law and Policy","LAW"
"Logistics and Transport Management","ADMINISTRATION AND MANAGEMENT"
"International Business","ARTS"
"Home Economics(Resource Management","AGRICULTURE"
"Science Laboratory Technology","SCIENCES"
"Geology and Mineral Sciences","SCIENCES"
"Physics/Production Technology","SCIENCES"
"Petroleum Marketing and Business Studies","SOCIAL SCIENCES"
"Hydrogeology","SCIENCES"
"Integrated Environmental Management","ENVIRONMENTAL SCIENCES"
"International Studies(Relations)","SOCIAL SCIENCES"
"Political Science","EDUCATION"
"Finance and Management Banking","SOCIAL SCIENCES"
"Environmental Management and Toxicology","SCIENCES"
"Project Management Technology","MANAGEMENT TECHNOLOGY"
"Accountancy","MANAGEMENT SCIENCE"
"Genetics & Biotechnology","SCIENCES"
"APPLIED MICROBIOLOGY AND BREWING","SCIENCES"
"Maritme Transport Technology","SCIENCES"
"Biochemistry and Chemistry Technology","SCIENCES"
"Classics","ARTS"
"Cell Biology & Genetics","BASIC MEDICAL AND HEALTH SCIENCES"
"Purchasing and Supply Management","ADMINISTRATION AND MANAGEMENT"
"Business Informayion Technology","MANAGEMENT TECHNOLOGY"
" Geographic Information Systems","SOCIAL SCIENCES"
"Environmental Control and Management","ENVIRONMENTAL SCIENCES"
"Economics & Statistics","SOCIAL SCIENCES"
"Industrial chemistry/petrochemical technology","SCIENCES"
"Geological Sciences","GEOLOGY AND MINNING"
"ECONOMICS/POLITICAL SCIENCE","EDUCATION"
"BUSINESS ADMINISTARTION","MANAGEMENT SCIENCE"
"FINANCE AND BANKING","MANAGEMENT SCIENCE"
"Policy Studies and Administration","SOCIAL SCIENCES"
"Physics & Material Science","SCIENCES"
"Accounting","ADMINISTRATION AND MANAGEMENT"
"Accounting Technology","ADMINISTRATION AND MANAGEMENT"
"Adult Education","EDUCATION"
"Agric Economics & Extension","AGRICULTURE"
"Agricultural and Resource Economics","AGRICULTURE"
"Agricultural Economics","AGRICULTURE"
"Agricultural Ext. & Comm. Technology","AGRICULTURE"
"Agricultural Extension","AGRICULTURE"
"Agriculture","AGRICULTURE"
"Anatomy","BASIC MEDICAL AND HEALTH SCIENCES"
"Applied Geology","SCIENCES"
"Applied Microbiology","SCIENCES"
"Applied Physics","SCIENCES"
"Applied Statistics","SCIENCES"
"Arabic","ARTS"
"Arabic & Islamic Studies","ARTS"
"Archaeology","ARTS"
"Architecture","ENVIRONMENTAL SCIENCES"
"Banking and Finance","ADMINISTRATION AND MANAGEMENT"
"Botany","SCIENCES"
"Building","ENVIRONMENTAL SCIENCES"
"Business Administration","ADMINISTRATION AND MANAGEMENT"
"Business Management","ADMINISTRATION AND MANAGEMENT"
"Chemistry","SCIENCES"
"Christian Religious Studies","ARTS"
"Communication and Media Studies","SOCIAL SCIENCES"
"Communication Arts","ARTS"
"Computer & Information Science","SCIENCES"
"Computer Science","SCIENCES"
"Cooperative & Rural Development","ADMINISTRATION AND MANAGEMENT"
"Creative Arts","ARTS"
"Criminology & Security Studies","SOCIAL SCIENCES"
"Cyber Security Science","SCIENCES"
"Demography and Social Statistics","SOCIAL SCIENCES"
"Dentistry","MEDICINE"
"Ecology","SCIENCES"
"Economics","SOCIAL SCIENCES"
"Economics & Development Studies","SOCIAL SCIENCES"
"Economics & Operational Research","SOCIAL SCIENCES"
"Ecotourism and Wildlife Management","AGRICULTURE"
"Education Management & Planning","EDUCATION"
"Education/Accounting","EDUCATION"
"Education/Agric. Science","EDUCATION"
"Education/Automobile Technology","EDUCATION"
"Education/Biology","EDUCATION"
"Education/Business Education","EDUCATION"
"Education/Business Studies","EDUCATION"
"Education/Chemistry","EDUCATION"
"Education/Computer Science","EDUCATION"
"Education/Economics","EDUCATION"
"Education/English ","EDUCATION"
"Education/Fine & Applied Arts","EDUCATION"
"Education/French","EDUCATION"
"Education/Geography","EDUCATION"
"Education/Government","EDUCATION"
"Education/History","EDUCATION"
"Education/Home Economics","EDUCATION"
"Education/Igbo","EDUCATION"
"Education/Integrated science","EDUCATION"
"Education/Integrated Science ","EDUCATION"
"Education/Mathematics","EDUCATION"
"Education/Physics","EDUCATION"
"Education/Religious Studies","EDUCATION"
"Education/Social Studies","EDUCATION"
"English","ARTS"
"English Language","ARTS"
"English Language and Literature","ARTS"
"Entrepreneurship","ADMINISTRATION AND MANAGEMENT"
"Entrepreneurship and Business Technology","ADMINISTRATION AND MANAGEMENT"
"Environmental Biology and Fisheries","SCIENCES"
"Environmental Resource Management","ENVIRONMENTAL SCIENCES"
"Estate Management","ENVIRONMENTAL SCIENCES"
"Fisheries and Aquaculture","AGRICULTURE"
"Foreign Language & Literature","ARTS"
"Forest and Wildlife","AGRICULTURE"
"French","ARTS"
"Geography & Planning","SOCIAL SCIENCES"
"Geophysics","SCIENCES"
"German","ARTS"
"Government & Public Administration","ADMINISTRATION AND MANAGEMENT"
"Guidance & Counseling","EDUCATION"
"Hausa","ARTS"
"Health Education","EDUCATION"
"History","ARTS"
"History & International Relations","ARTS"
"History & International Studies","ARTS"
"History/Sociology","ARTS"
"Home Ecomonics","SCIENCES"
"Hospitality & Tourism Management","ADMINISTRATION AND MANAGEMENT"
"Human Biology","SCIENCES"
"Human Kinetics","EDUCATION"
"Human Nutrition and Dietetics","BASIC MEDICAL AND HEALTH SCIENCES"
"Igbo","ARTS"
"Industrial Chemistry","SCIENCES"
"Industrial Design","ENVIRONMENTAL SCIENCES"
"Industrial Mathematics","SCIENCES"
"Industrial Relations & Personnel Management","ADMINISTRATION AND MANAGEMENT"
"Information and Media Technology","SCIENCES"
"Information Resource Management","ADMINISTRATION AND MANAGEMENT"
"Insurance","ADMINISTRATION AND MANAGEMENT"
"Insurance & Actuarial science","ADMINISTRATION AND MANAGEMENT"
"Insurance & Risk Management","ADMINISTRATION AND MANAGEMENT"
"Integrated science","EDUCATION"
"Biochemistry","BASIC MEDICAL AND HEALTH SCIENCES"
"Intelligent and Security Studies","SOCIAL SCIENCES"
"Irrigation Engineering","ENVIRONMENTAL SCIENCES"
"Land Surveying","ENVIRONMENTAL SCIENCES"
"Law","LAW"
"Library & Information Science","EDUCATION"
"Library Science","SOCIAL SCIENCES"
"Linguistics","ARTS"
"Linguistics & Yoruba","ARTS"
"Linguistics and Commincation Studies","ARTS"
"Local Government & Development Studies","ADMINISTRATION AND MANAGEMENT"
"Management","ADMINISTRATION AND MANAGEMENT"
"Marine Science & Technology","SCIENCES"
"Marketing","ADMINISTRATION AND MANAGEMENT"
"Mathematics","SCIENCES"
"Mathematics & Statistics","SCIENCES"
"Medical Laboratory Science","BASIC MEDICAL AND HEALTH SCIENCES"
"Medicine and Surgery","MEDICINE"
"Microbiology","SCIENCES"
"Microbiology & Biotechnology","SCIENCES"
"Molecular Biology","SCIENCES"
"Music","ARTS"
"Natural & Environmental Science","SCIENCES"
"Nursing Science","BASIC MEDICAL AND HEALTH SCIENCES"
"Operations Research","SCIENCES"
"Optometry ","BASIC MEDICAL AND HEALTH SCIENCES"
"Peace and Conflict Studies","SOCIAL SCIENCES"
"Pharmacology and Therapeutics","BASIC MEDICAL AND HEALTH SCIENCES"
"Pharmacy","MEDICINE"
"Philosophy","ARTS"
"Philosophy and Religious Studies","ARTS"
"Physical and Health Education","EDUCATION"
"Physics","SCIENCES"
"Physics and Energy Studies","SCIENCES"
"Physics with Electronics","SCIENCES"
"Physiology","BASIC MEDICAL AND HEALTH SCIENCES"
"Plant Science","SCIENCES"
"Plant Science & Biotechnology","SCIENCES"
"Political Science","SOCIAL SCIENCES"
"Political Science & Conflict Resolution","SOCIAL SCIENCES"
"Pre-Primary & Primary Education","EDUCATION"
"Project Management Technology","ADMINISTRATION AND MANAGEMENT"
"Psychology","SOCIAL SCIENCES"
"Public Administration","ADMINISTRATION AND MANAGEMENT"
"Public Health","BASIC MEDICAL AND HEALTH SCIENCES"
"Pure & Applied Physics","SCIENCES"
"Quantity Surveying","ENVIRONMENTAL SCIENCES"
"Religion & Cultural Management","ADMINISTRATION AND MANAGEMENT"
"Religious Studies","ARTS"
"Social Works","SOCIAL SCIENCES"
"Sociology","SOCIAL SCIENCES"
"Sociology & Anthropology","SOCIAL SCIENCES"
"Sports Science","SCIENCES"
"Statistics","SCIENCES"
"Surveying & Geo-informatics","ENVIRONMENTAL SCIENCES"
"Theatre & Performing Arts","ARTS"
"Theatre Arts","ARTS"
"Tourism and Event Management","ADMINISTRATION AND MANAGEMENT"
"Tourism and Hotel Management","ADMINISTRATION AND MANAGEMENT"
"Transport and Planning","ADMINISTRATION AND MANAGEMENT"
"Urban & Regional Planning","ENVIRONMENTAL SCIENCES"
"Veterinary Medicine","MEDICINE"
"Visual Arts","ARTS"
"Visual Arts","ENVIRONMENTAL SCIENCES"
"Vocational Education","EDUCATION"
"Water Resources Mgt & Agro-Meterology","ADMINISTRATION AND MANAGEMENT"
"Yoruba","ARTS"
"Zoology","SCIENCES"
"Business Administration and Management","ADMINISTRATION AND MANAGEMENT"
"Mathematics & Computer Science","SCIENCES"
"Library Science & Economics","SOCIAL SCIENCES"
"Health Safety and Environmental Management","HEALTH, SAFETY AND ENVIRONMENT"
"Applied Chemistry","SCIENCES"
"Petroleum Chemistry","SCIENCES"
"Cooperatives and Rural Development","MANAGEMENT SCIENCE"
"Environmental Health Technology","BASIC MEDICAL AND HEALTH SCIENCES"
"Environmental Protection And Resource Management ","SOCIAL SCIENCES"
"ENVIRONMENTAL BIOLOGY","SCIENCES"
"RELIGIOUS STUDY","EDUCATION"
"MARKETING","MANAGEMENT SCIENCE"
"HEALTH EDUCATION","SCIENCES"
"MANAGER","MANAGEMENT SCIENCE"
"MASS COMMUNICATION","MANAGEMENT SCIENCE"
"SOCIAL STUDIES","EDUCATION"
"TECHNICAL EDUCATION","EDUCATION"
"PhysicsApplied Geophysics","SCIENCES"
"PLANT BIOLOGY AND BIOTECHNOLOGY","LIFE SCIENCES"
"Pure And Industrial Chemistry","SCIENCES"
"OFFICE TECHNOLOGY AND MANAGEMENT","ICT"
"Health Information Management Technician","BASIC MEDICAL AND HEALTH SCIENCES"
"ACCOUNTANCY","SOCIAL SCIENCES"
"Mass Communication","SOCIAL SCIENCES"
"Business Studies","ADMINISTRATION AND MANAGEMENT"
"Aviation","Aviation"
"Chemical Engineering","ENGINEERING"
"Architectural Engineering","ENGINEERING"
"Audio Engineering","ENGINEERING"
"Automotive Engineering","ENGINEERING"
"Biomedical Engineering","ENGINEERING"
"Civil Engineering","ENGINEERING"
"Environmental Engineering","ENGINEERING"
"Food Engineering","ENGINEERING"
"Industrial Engineering","ENGINEERING"
"Instrument Engineering","ENGINEERING"
"Marine Engineering","ENGINEERING"
"Materials Science Engineering","ENGINEERING"
"Mechanical Engineering","ENGINEERING"
"Mechatronic Engineering","ENGINEERING"
"Mining and Geological Engineering","ENGINEERING"
"Molecular Engineering","ENGINEERING"
"Nanoengineering","ENGINEERING"
"Nuclear Engineering","ENGINEERING"
"Production Engineering","ENGINEERING"
"Petroleum and Gas Engineering","ENGINEERING"
"Petroleum and Gas Engineering","ENGINEERING"
"Software Engineering","ENGINEERING"
"Structural Engineering","ENGINEERING"
"Telecommunications Engineering","ENGINEERING"
"Thermal Engineering","ENGINEERING"
"Transport Engineering","ENGINEERING"
"Vehicle Engineering","ENGINEERING"
"Petroleum engineering","ENGINEERING"
"Veterinary Medicine","DVM"
"Agricultural Engineering","ENGINEERING"
"Acoustic Engineering","ENGINEERING"
"Electrical Engineering","ENGINEERING"
"Aerospace Engineering","ENGINEERING"
"Applied Engineering","ENGINEERING"
"Computer Engineering","ENGINEERING"
"Process Engineering","ENGINEERING"
"Physics and Electronics Technology ","Engineering and Technology "
"Chemical and Petrochemical Engineering","ENGINEERING"
"Veterinary Medicine ","SURVEYING AND GEOINFORMATICS"
