"NAME","LEVEL"
"Not Applicable","Secondary School Certificate Examination"
"NECO","Secondary School Certificate Examination"
"GCE","Secondary School Certificate Examination"
"NABTEB","Secondary School Certificate Examination"
"WAEC","Secondary School Certificate Examination"
"Pass","Technical Diploma"
"Upper Credit","Technical Diploma"
"Lower Credit","Technical Diploma"
"Distinction","Technical Diploma"
"Distinction","Associate's Degree"
"Upper Credit","Associate's Degree"
"Lower Credit","Associate's Degree"
"Pass","Associate's Degree"
"Pass","Ordinary National Diploma"
"Lower Credit","Ordinary National Diploma"
"Upper Credit","Ordinary National Diploma"
"Distinction","Ordinary National Diploma"
"Merit","Ordinary National Diploma"
"Pass","Higher National Diploma"
"Lower Credit","Higher National Diploma"
"Upper Credit","Higher National Diploma"
"HND Nursing Science","Higher National Diploma"
"Distinction","Higher National Diploma"
"Ordinary Degree (PASS)","Bachelor's Degree"
"Third Class","Bachelor's Degree"
"Second Class Lower","Bachelor's Degree"
"Second Class Upper","Bachelor's Degree"
" DVM","Bachelor's Degree"
"Chemical and Petrochemical Engineering","Bachelor's Degree"
"B.NSc Nursing Science","Bachelor's Degree"
"NRN Nursing/Nursing Science","Bachelor's Degree"
"First Class","Bachelor's Degree"
"Distinction","Master's Degree"
"Honors Degree","Master's Degree"
"Pass","Master's Degree"
"Merit","Master's Degree"
"Merit","Postgraduate Diploma"
"Pass","Postgraduate Diploma"
"Distinction","Postgraduate Diploma"
"Honors Degree","Doctorate Degree"
"Merit","Nigeria Certificate in Education"
"Distinction","Nigeria Certificate in Education"
"Pass","Nigeria Certificate in Education"
"Low Pass","Nigeria Certificate in Education"
