"ID","NAME","STATUS"
1001,"ADMINISTRATION AND MANAGEMENT","Migrated"
1002,"AGRICULTURE","Migrated"
1003,"ARTS","Migrated"
1004,"BASIC MEDICAL AND HEALTH SCIENCES","Migrated"
1005,"EDUCATION","Migrated"
1007,"ENVIRONMENTAL SCIENCES","Migrated"
1008,"LAW","Migrated"
1009,"MEDICINE","Migrated"
1010,"SCIENCES","Migrated"
1011,"SOCIAL SCIENCES","Migrated"
951499,"MARINE OPERATIONS AND MANAGEMENT","Migrated"
964381,"MANAGEMENT SCIENCE","Migrated"
975772,"APPLIED NATURAL SCIENCE","Migrated"
1046339,"GEOINFORMATICS","Migrated"
1086019,"HEALTH, SAFETY AND ENVIRONMENT","Migrated"
1140041,"MANAGEMENT TECHNOLOGY","Migrated"
1217149,"GEOLOGY AND MINNING","Migrated"
1218808,"SURVEYING AND GEOINFORMATICS","Migrated"
1218810,"SURVEYING AND GEOINFORMATICS","Migrated"
1218814,"Aviation","ACTIVE"
1218812,"LIFE SCIENCES","ACTIVE"
1218813,"ICT","ACTIVE"
1218819,"Chemical and Petrochemical Engineering","ACTIVE"
1218818,"Engineering and Technology ","ACTIVE"
1218820,"Veterinary Medicine ","ACTIVE"
1218821,"DVM","ACTIVE"
1218817,"ENGINEERING","ACTIVE"
