"NAME"
"DRILLING EQUIPMENT",
"MATERIAL AND PRODUCT HANDLING EQUIPMENT",
"COMPRESSORS / EXPANDERS / BLOWERS AND ACCESSORIES",
"PUMPS AND ACCESSORIES",
"DRIVERS AND ACCESSORIES",
"HEATERS / FURNACES / BOILERS",
"HEAT EXCHANGERS / HEAT TRANSFER EQUIPMENT",
"TANKS / VESSELS / COLUMNS",
"ELECTRICAL EQUIPMENT AND MATERIALS",
"INSTRUMENTATION / COMMUNICATION AND PROCESS CONTROL EQUIPMENT / MATERIALS",
"MISCELLANEOUS MECHANICAL EQUIPMENT",
"COOLING / HEATING / VENTILATION / AIR CONDITIONING EQUIPMENT",
"MARINE / DIVING AND PIPELINE EQUIPMENT",
"COMPUTER AND COMMUNICATION EQUIPMENT",
"LABORATORY / MEDICAL EQUIPMENT",
"SAFETY / PROTECTION / SECURITY / FIREFIGHTING EQUIPMENT",
"ENVIRONMENTAL EQUIPMENT / PRODUCTS",
"PACKAGES - CONSTRUCTION / OUTFITTING",
"SERVICE STATION EQUIPMENT / MATERIALS / PRODUCTS",
"PIPES / TUBES / HOSES AND FITTINGS",
"STEEL / METAL MATERIALS",
"NON-METAL MATERIALS (PLASTICS, COMPOSITES)",
"AUTOMOBILES AND ASSOCIATED EQUIPMENT",
"DOWNSTREAM PACKING MATERIALS",
"CHEMICAL / OILS / PAINTS",
"INSULATION / REFRACTORY MATERIALS",
"CIVIL BULK MATERIALS",
"VALVES AND ACCESSORIES",
"WORKSHOP AND HANDTOOLS",
"OFFICE ADMINISTRATION PRODUCTS AND CONSUMABLES",
"OTHER PRODUCTS / EQUIPMENT AND MATERIALS",
"MARINE VESSEL",
"SWAMP BUGGY AND TILLING MACHINE",
"SANITARY EQUIPMENT",
"CLEANING EQUIPMENT",
"HEAVY DUTY TRUCKS",
"MOBILE CRANE",
"METERING COMPONENTS",
"INDUSTRIAL INVERTERS",
"VALVES ASSEMBLY AND CALIBRATION",
"EARTH MOVING EQUIPMENT",
"SELF LOADER",
"WIRELINE SERVICE EQUIPMENT",
"VACUUM TRUCK",
"CONSTRUCTION EQUIPMENT",
"LIFTING EQUIPMENT",
"HAULAGE TANKERS",
"LINE PIPES",
"FITTINGS VALVES",
"BATTERIES",
"LOWBED TRAILER",
