"ID","NAME","CENTER_OF_EXCELLENCE"
195,"IMO STATE POLYTECHNIC UMUAGWO",0
202,"THE POLYTECHNIC CALABAR",0
215,"UNIVERSITY OF TEXAS AT AUSTIN",0
216,"TEXAS A AND M UNIVERSITY",0
218,"Kwara State University",0
220,"AKPERAN ORSHI COLLEGE OF AGRICULTURE YANDEV",0
229,"Federal University Dutse Jigawa State",1
187,"Federal polytechnic Auchi",0
191,"Benue State Polytechnic",0
197,"Novena University",0
227,"Federal University Wukari Taraba State",1
1,"University of Abuja",0
2,"University of Agriculture, Abeokuta",0
3,"University of Ado-Ekiti",0
4,"University of Benin",0
5,"University of Calabar",0
6,"University of Education, Ikere-Ekiti",0
7,"University of Ibadan",0
8,"University of Ilorin",0
9,"University of Jos",0
10,"University of Lagos",0
11,"University of Maiduguri",0
12,"University of Mkar, Mkar",0
13,"University of Nigeria",0
14,"University of Port Harcourt",0
15,"University of Technology, Akwa-Ibom",0
16,"University Of Uyo",0
17,"Abia State University, Uturu",0
18,"ABTI-American University of Nigeria",0
19,"Abubakar Tafawa Balewa University",0
20,"Adamawa State University, Mubi",0
21,"Adekunle Ajasin University",0
22,"Ahmadu Bello University",0
23,"Ajayi Crowther University, Oyo",0
24,"Achievers University Owo",0
25,"Ambrose Alli University",0
193,"Plateau State Polytechnic",0
27,"Bayero University, Kano",0
28,"Bells University",0
29,"Benson Idahosa University",0
30,"Bowen University, Iwo",0
31,"Cetep City University, Lagos",0
32,"Covenant University",0
33,"Crawford University Igbesa Ogun State",0
34,"Cross River University of Technology",0
35,"Delta State University, Abraka",0
36,"Ebonyi State University",0
37,"Enugu State University of Science & Technology",0
38,"Federal University of Technology, Akure",1
39,"Federal University of Technology, Minna",1
40,"Federal University of Technology, Owerri",1
41,"Federal University Of Technology, Yola",0
42,"Gombe state University,Tudun, Wada",0
43,"Igbinedion University, Okada",0
44,"Imo State University",0
45,"Joseph Ayo Babalola University",0
46,"Katsina State University",0
47,"Kogi State University, Anyigba",0
48,"Ladoke Akintola University of Tech.",0
49,"Lagos State University",0
50,"Lead City University",0
51,"Michael Okpara University",0
52,"Nasarrawa State University",0
53,"National Open University",0
54,"Niger Delta University",1
55,"Nigerian Defence Academy",0
56,"Nnamdi Azikiwe University, Awka",0
57,"Obafemi Awolowo University, ile-ife",0
58,"Olabisi Onabanjo University, Ago-Iwoye",0
59,"Osun State University",0
60,"Pan African University, Lekki",0
61,"Plateau State University",0
62,"Redeemer's University",0
63,"Renaissance University, Enugu",0
64,"Rivers State University of Science and Technology",0
65,"Salem University, Lokoja",0
66,"St Pauls University College Awka",0
67,"Theological College of Northern Nigeria,Bukuru",0
68,"Tai Solarin University of Education, Ijebu-Ode",0
69,"Usmanu Danfodiyo University, Sokoto",0
70,"Wesley University, Ondo",0
71,"Anambra State University, Anambra",0
72,"Abia State polytechnic",0
73,"Adamawa State polytechnic, Yola",0
74,"Akanu Ibiam Federal polytechnic, Unwana",0
75,"Allover central polytechnic, Sango-Ota Ogun State",0
76,"Akwa Ibom State polytechnic",0
77,"Auchi polytechnic, Auchi",0
78,"Dorben Polytechnic",0
79,"Delta state polytechnic, Ozoro",0
80,"Federal polytechnic, Ado � Ekiti",0
81,"Federal polytechnic Offa",0
82,"Federal polytechnic Bida",0
83,"Federal polytechnic, Bauchi",0
84,"Federal polytechnic, Idah",0
85,"Federal polytechnic, Ilaro",0
86,"Federal polytechnic, Damaturu",0
87,"Federal polytechnic, Nassarawa",0
88,"Federal polytechnic, Mubi",0
89,"Federal polytechnic, Nekede",0
90,"Federal polytechnic, Oko",0
91,"Federal polytechnic, Ede",0
92,"Federal polytechnic, Birnin-Kebbi",0
93,"Federal coll. of Animal health & production Tech., Ibadan",0
94,"Gateway polytechnic Saapade",0
95,"Hussaini Adamu Federal polytechnic, kazaure",0
96,"Institute of Management Technology, Enugu",0
97,"Kaduna polytechnic",0
98,"Kano State polytechnic, Kano",0
99,"Kwara State polytechnic",0
100,"Lagos City polytechnic",0
101,"Lagos City Computer College",0
102,"Lagos State Polytechnic",0
103,"Niger State polytechnic, Zungeru",0
104,"Nigerian Coll. of Aviation Tech., Zaira",0
105,"Maritime Academy of Nigeria, Oron",0
106,"Moshood Abiola polytechnic, Abeokuta",0
107,"Nuhu Bamalli polytechnic, Zaria, Kaduna State",0
108,"Osun State College of Technology, Esa-Oke",0
109,"Osun State Polytechnic Iree",0
110,"Ramat Polytechnic Maiduguri",0
111,"River State Polytechnic Bori",0
112,"Rufus Giwa polytechnic, Owo",0
113,"Shaka Polytechnic",0
114,"The polytechnic, Ibadan",0
115,"Yaba College of Tech.",0
116,"Adeniran Ogunsanya College of Education",0
117,"Adeyemi College of Education, Ondo",0
118,"College of Education, Agbor",0
119,"College of Education, Afaha-Nsit",0
120,"College of Education, Akwanga",0
121,"College of Education, Ekiadolor",0
122,"College of Education, Ikere Ekiti",0
123,"College of Education, Katsina Ala",0
124,"College of Education, Zuba",0
125,"College of Education, Oro, Kwara State",0
126,"College of Education, Azare",0
127,"College of Education, Warri",0
128,"College of Education, Agbor",0
129,"College of Education, Akwanga",0
130,"College of Education, Gindiri",0
131,"College of Education, Katsina-Ala",0
132,"FCT College of Education, Zuba",0
133,"Federal College of Education, Zaira",0
134,"Federal College of Education, Okene",0
135,"Federal College of Education, Akoka",0
136,"Federal College of Education, Omoku",0
137,"Federal College of Education (Special), Oyo",0
138,"Federal College of Education, Zaria",0
139,"Federal College of Education (Technical) Gombe",0
140,"Federal College of Education, Obudu",0
141,"Federal College of Education Pankshin",0
142,"Federal College of Education, (Technical) Bich",0
143,"Federal College of Education (Technical) Gusau",0
144,"Federal College of Education, Yola",0
145,"Kano State College of Education, Kano",0
146,"Kwara State College of Education",0
147,"National Teachers Institute, kaduna",0
148,"Nwafor Orizu College of Education",0
149,"Osun State College of Education, Ilesa",0
150,"Osun State College of Education, Ila-Orangun",0
151,"Oyo State College Of Education, Oyo",0
152,"Rivers State College of Education",0
166,"University of Michigan",0
170,"Delta State Polytechnic Ogwashi Uku",0
171,"Federal University of Agriculture Makurdi",0
167,"Federal University of Petroleum Resources Effurun",0
172,"Benue State University",0
169,"Petroleum Training Institute Effurun",0
175,"Nassarawa State Polytechnic Lafia",0
177,"Temple Gate Polytechnic",0
179,"DELTA STATE POLYTECHNIC OTEFE OGHARA",0
184,"AFE BABALOLA UNIVERSITY",0
181,"Babcock University",0
182,"Akwa Ibom State College of Art and Science",0
185,"Federal School of Surveying Oyo State",0
173,"Ibrahim Badamasi Babangida University",0
178,"Our Saviour Institute of Science Agriculture and Technology OSISATECH",0
174,"Bayelsa State College of Art and Science",0
176,"Kano University of Science and Technology",0
180,"Madonna University",0
183,"Heritage Polytechnic Eket",0
189,"Federal polytechnic Nekede",0
192,"Caritas University Enugu",0
194,"Ignatius Ajuru University Of Education Port Harcourt",0
196,"Federal College of Land Resources Technology Owerri ",0
198,"The Polytechnic Ile Ife ",0
206," Bayelsa State College of Health Technology Otuodigi Ogbia ",0
212,"SHEHU SHAGARI COLLEGE OF EDUCATION SOKOTO",0
219,"AUDU BAKO COLLEGE OF AGRICULTURE DAMBATTA KANO",0
188,"Federal polytechnic Oko",0
204,"Federal Polytechnic Kaura Namoda Zamfara",0
210,"Rivers State College of Arts and Science",0
211,"Airforce Institute Of Technology Kaduna",0
217,"Nigerian Turkish Nile University",1
221,"Federal University Oye Ekiti  ",0
222,"Ekiti State University",0
223,"GREGORY UNIVERSITY UTURU ABIA STATE",1
186,"Landmark University ",0
190,"Godfrey Okoye University",0
199,"Federal College of Agriculture Akure",0
200,"Kaduna State University",0
201,"OYO STATE COLLEGE OF HEALTH SCIENCE AND TECHNOLOGY",0
203,"Ondo State University of Science and Technology",0
205,"Western Delta University Oghara Delta State",0
207,"Bingham University",0
208,"Federal University Otuoke",0
209,"Kebbi State University of Science And Technology",1
214,"Kwararafa University  Wukari",0
224,"FEDERAL COLLEGE OF FISHERIES AND MARINE TECHNOLOGY VI LAGOS",1
225,"CALEB UNIVERSITY IMOTA IKORODU LAGOS",0
226,"TARABA STATE COLLEGE OF AGRICULTURE JALINGO",1
228,"TANSIAN UNIVERSITY UMUNYA ANAMBRA STATE",0
230,"Nigerian Defence Academy Kaduna State",1
231,"Edwin Clark University in Kiagbodo Delta state",0
234,"FEDERAL POLYTECHNIC EKOWE BAYELSA STATE",0
235,"FEDERAL COLLEGE OF AGRICULTURE ISHIAGU EBONYI STATE",0
239,"University of Medical Sciences Ondo State",0
233,"Kano University of Science and Technology Wudil ",1
236,"HASSAN USMAN KATSINA POLYTECHNIC KATSINA STATE",0
237,"ELIZADE UNIVERSITY ILARA MOKIN ONDO STATE",0
238,"Akwa Ibom State University",1
