"NAME","STATE"
"Aba North ","ABIA"
"Aba South","ABIA"
"Arochukwu","ABIA"
"Bende","ABIA"
"Ikwuano","ABIA"
"Isiala-Ngwa North","ABIA"
"Isiala-Ngwa South","ABIA"
"Isikwuato","ABIA"
"Nneochi","ABIA"
"Obioma Ngwa","ABIA"
"Ohafia","ABIA"
"Osisioma","ABIA"
"Ugwunagbo","ABIA"
"Ukwa East","ABIA"
"Ukwa West","ABIA"
"Umuahia North","ABIA"
"Umuahia South","ABIA"
"Demsa","ADAMAWA"
"Fufore","ADAMAWA"
"Ganye","ADAMAWA"
"Girei","ADAMAWA"
"Gombi","ADAMAWA"
"Guyuk","ADAMAWA"
"Hong","ADAMAWA"
"Jada","ADAMAWA"
"Jimeta","ADAMAWA"
"Lamurde","ADAMAWA"
"Madagali","ADAMAWA"
"Maiha","ADAMAWA"
"Mayo-Belwa","ADAMAWA"
"Michika","ADAMAWA"
"Mubi North","ADAMAWA"
"Mubi South","ADAMAWA"
"Numan","ADAMAWA"
"Shelleng","ADAMAWA"
"Song","ADAMAWA"
"Toungo","ADAMAWA"
"Yola","ADAMAWA"
"Abak","AKWA-IBOM"
"Eastern-Obolo","AKWA-IBOM"
"Eket","AKWA-IBOM"
"Ekpe-Atani","AKWA-IBOM"
"Essien-Udim","AKWA-IBOM"
"Esit Ekiti","AKWA-IBOM"
"Etim-Ekpo","AKWA-IBOM"
"Etinam","AKWA-IBOM"
"Ibeno","AKWA-IBOM"
"Ibesikpo-Asutan","AKWA-IBOM"
"Ibiono-Ibom","AKWA-IBOM"
"Ika","AKWA-IBOM"
"Ikono","AKWA-IBOM"
"Ikot-Abasi","AKWA-IBOM"
"Ikot-Ekpene","AKWA-IBOM"
"Ini","AKWA-IBOM"
"Itu","AKWA-IBOM"
"Mbo","AKWA-IBOM"
"Mkpat-Enim","AKWA-IBOM"
"Nsit-Ibom","AKWA-IBOM"
"Nsit-Ubium","AKWA-IBOM"
"Obot-Akara","AKWA-IBOM"
"Okobo","AKWA-IBOM"
"Onna","AKWA-IBOM"
"Oron","AKWA-IBOM"
"Oro-Anam","AKWA-IBOM"
"Udung-Uko","AKWA-IBOM"
"Ukanefun","AKWA-IBOM"
"Oru Offong Oruko","AKWA-IBOM"
"Uruan","AKWA-IBOM"
"Uquo Ibeno","AKWA-IBOM"
"Uyo","AKWA-IBOM"
"Aguata","ANAMBRA"
"Anambra","ANAMBRA"
"Anambra-West","ANAMBRA"
"Anaocha","ANAMBRA"
"Awka North","ANAMBRA"
"Awka South","ANAMBRA"
"Ayamelum","ANAMBRA"
"Dunukofia","ANAMBRA"
"Ekwusigo","ANAMBRA"
"Idemili-North","ANAMBRA"
"Idemili-South","ANAMBRA"
"Ihiala","ANAMBRA"
"Njikoka","ANAMBRA"
"Nnewi-North","ANAMBRA"
"Nnewi-South","ANAMBRA"
"Ogbaru","ANAMBRA"
"Onitsha-North","ANAMBRA"
"Onitsha-South","ANAMBRA"
"Orumba-North","ANAMBRA"
"Orumba-South","ANAMBRA"
"Oyi","ANAMBRA"
"Alkaleri","BAUCHI"
"Bauchi","BAUCHI"
"Bogoro","BAUCHI"
"Damban","BAUCHI"
"Darazo","BAUCHI"
"Dass","BAUCHI"
"Gamawa","BAUCHI"
"Ganjuwa","BAUCHI"
"Giade","BAUCHI"
"Itas/Gadau","BAUCHI"
"Jama'are","BAUCHI"
"Katagum","BAUCHI"
"Kirfi","BAUCHI"
"Misau","BAUCHI"
"Ningi","BAUCHI"
"Shira","BAUCHI"
"Tafawa-Balewa","BAUCHI"
"Toro","BAUCHI"
"Warji","BAUCHI"
"Zaki","BAUCHI"
"Brass","BAYELSA"
"Ekeremor","BAYELSA"
"Kolokoma/Opokuma","BAYELSA"
"Nembe","BAYELSA"
"Ogbia","BAYELSA"
"Sagbama","BAYELSA"
"Southern-Ijaw","BAYELSA"
"Yenegoa","BAYELSA"
"Kembe","BAYELSA"
"Ado","BENUE STATE"
"Agatu","BENUE STATE"
"Apa","BENUE STATE"
"Buruku","BENUE STATE"
"Gboko","BENUE STATE"
"Guma","BENUE STATE"
"Gwer-East","BENUE STATE"
"Gwer-West","BENUE STATE"
"Kastina-Ala","BENUE STATE"
"Konshisha","BENUE STATE"
"Kwande","BENUE STATE"
"Logo","BENUE STATE"
"Makurdi","BENUE STATE"
"Obi","BENUE STATE"
"Ogbadibo","BENUE STATE"
"Ohimini","BENUE STATE"
"Oju","BENUE STATE"
"Opokwuma","BENUE STATE"
"Otukpo","BENUE STATE"
"Tarka","BENUE STATE"
"Vandeikya","BENUE STATE"
"Ukum","BENUE STATE"
"Ushongo","BENUE STATE"
"Abadan","BORNO"
"Askira-Uba","BORNO"
"Bama","BORNO"
"Bayo","BORNO"
"Biu","BORNO"
"Chibok","BORNO"
"Damboa","BORNO"
"Dikwa","BORNO"
"Gubio","BORNO"
"Guzamala","BORNO"
"Gwoza","BORNO"
"Hawul","BORNO"
"Jere","BORNO"
"Kaga","BORNO"
"Kala/Balge","BORNO"
"Kukawa","BORNO"
"Konduga","BORNO"
"Kwaya-Kusar","BORNO"
"Mafa","BORNO"
"Magumeri","BORNO"
"Maiduguri","BORNO"
"Marte","BORNO"
"Mobbar","BORNO"
"Monguno","BORNO"
"Ngala","BORNO"
"Nganzai","BORNO"
"Shani","BORNO"
"Abi","CROSS RIVER"
"Akamkpa","CROSS RIVER"
"Akpabuyo","CROSS RIVER"
"Bakassi","CROSS RIVER"
"Bekwara","CROSS RIVER"
"Biasi","CROSS RIVER"
"Boki","CROSS RIVER"
"Calabar-Municipal","CROSS RIVER"
"Calabar-South","CROSS RIVER"
"Etunk","CROSS RIVER"
"Ikom","CROSS RIVER"
"Obanliku","CROSS RIVER"
"Obubra","CROSS RIVER"
"Obudu","CROSS RIVER"
"Odukpani","CROSS RIVER"
"Ogoja","CROSS RIVER"
"Ugep-North","CROSS RIVER"
"Yakurr","CROSS RIVER"
"Yala","CROSS RIVER"
"WARRI SOUTH WEST","DELTA"
"Ndokwa-West","DELTA"
"Ndokwa-East","DELTA"
"Aniocha-North","DELTA"
"Aniocha-South","DELTA"
"Bomadi","DELTA"
"Burutu","DELTA"
"Ethiope-East","DELTA"
"Ethiope-West","DELTA"
"Ika-North-East","DELTA"
"Ika-South","DELTA"
"Isoko-North","DELTA"
"Isoko-South","DELTA"
"Okpe","DELTA"
"Oshimili-North","DELTA"
"Oshimili-South","DELTA"
"Patani","DELTA"
"Sapele","DELTA"
"Udu","DELTA"
"Ugheli-North","DELTA"
"Ugheli-South","DELTA"
"Ukwuani","DELTA"
"Uvwie","DELTA"
"Warri-Central","DELTA"
"Warri-North","DELTA"
"Warri-South","DELTA"
"Abakaliki","EBONYI"
"Afikpo-North","EBONYI"
"Afikpo-South","EBONYI"
"Ebonyi","EBONYI"
"Ezza-North","EBONYI"
"Ezza-South","EBONYI"
"Ikwo","EBONYI"
"Ishielu","EBONYI"
"Ivo","EBONYI"
"Izzi","EBONYI"
"Ohaukwu","EBONYI"
"Ohaozara","EBONYI"
"Onicha","EBONYI"
"Akoko-Edo","EDO"
"Egor","EDO"
"Esan-Central","EDO"
"Esan-North-East","EDO"
"Esan-North-South","EDO"
"Esan-West","EDO"
"Etsako-Central","EDO"
"Etsako-East","EDO"
"Etsako-West","EDO"
"Igueben","EDO"
"Ikpoba-Okha","EDO"
"Oredo","EDO"
"Orhionwon","EDO"
"Ovia-North-East","EDO"
"Ovia-South-West","EDO"
"Owan-East","EDO"
"Owan-West","EDO"
"Uhunmwonde","EDO"
"Ado-Ekiti","EKITI"
"Aiyedire","EKITI"
"Efon","EKITI"
"Ekiti-East","EKITI"
"Ekiti-South-West","EKITI"
"Ekiti-West","EKITI"
"Emure","EKITI"
"Ido-Osi","EKITI"
"Ijero","EKITI"
"Ikere","EKITI"
"Ikole","EKITI"
"Ilejemeje","EKITI"
"Irepodun/Ifelodun","EKITI"
"Ise-Orun","EKITI"
"Moba","EKITI"
"Oye","EKITI"
"Aninri","ENUGU"
"Awgu","ENUGU"
"Enugu-East","ENUGU"
"Enugu-North","ENUGU"
"Enugu-South","ENUGU"
"Ezeagu","ENUGU"
"Igbo-Etiti","ENUGU"
"Igbo-Eze-North","ENUGU"
"Igbo-Eze-South","ENUGU"
"Isi-Uzo","ENUGU"
"Nkanu-East","ENUGU"
"Nkanu-West","ENUGU"
"Nsukka","ENUGU"
"Oji-River","ENUGU"
"Udenu","ENUGU"
"Udi","ENUGU"
"Uzo-Uwani","ENUGU"
"Abaji","FCT"
"Amac","FCT"
"Bwari","FCT"
"Gwagwalada","FCT"
"Kuje","FCT"
"Akko","GOMBE"
"Balanga","GOMBE"
"Biliri","GOMBE"
"Dukku","GOMBE"
"Funakaye","GOMBE"
"Gombe","GOMBE"
"Kjaltungo","GOMBE"
"Kwami","GOMBE"
"Nafada/Bajoga","GOMBE"
"Shomgom","GOMBE"
"Yamaltu/Deba","GOMBE"
"Aboh-Mbaise","IMO"
"Ahiazu-Mbaise","IMO"
"Ehime_Mbano","IMO"
"Ezinihitte","IMO"
"Ideato-North","IMO"
"Ideato-South","IMO"
"Ihitte/Uboma","IMO"
"Ikeduru","IMO"
"Isiala-Mbano","IMO"
"Isu","IMO"
"Mbaitoli","IMO"
"Ngor-Okpala","IMO"
"Njaba","IMO"
"Nkwerre","IMO"
"Nwangele","IMO"
"Obowo","IMO"
"Ogutta","IMO"
"Ohaji-Egbema","IMO"
"Okigwe","IMO"
"Onuimo","IMO"
"Orlu","IMO"
"Orsu","IMO"
"Oru-East","IMO"
"Oru-West","IMO"
"Owerri Municipal","IMO"
"Owerri-North","IMO"
"Owerri-West","IMO"
"Auyo","JIGAWA"
"Babura","JIGAWA"
"Birnin-Kudu","JIGAWA"
"Birniwa","JIGAWA"
"Bosuwa","JIGAWA"
"Buji","JIGAWA"
"Dutse","JIGAWA"
"Gagarawa","JIGAWA"
"Garki","JIGAWA"
"Gumel","JIGAWA"
"Guri","JIGAWA"
"Gwaram","JIGAWA"
"Gwiwa","JIGAWA"
"Hadejia","JIGAWA"
"Jahun","JIGAWA"
"Kafin-Hausa","JIGAWA"
"Kaugama","JIGAWA"
"Kazaure","JIGAWA"
"Kirikasamma","JIGAWA"
"Kiyawa","JIGAWA"
"Maigatari","JIGAWA"
"Malam-Maduri","JIGAWA"
"Miga","JIGAWA"
"Ringim","JIGAWA"
"Roni","JIGAWA"
"Sule-Tankarkar","JIGAWA"
"Taura","JIGAWA"
"Yankwashi","JIGAWA"
"Kagarko","KADUNA"
"Kajuru","KADUNA"
"Kauru","KADUNA"
"Koka/Kawo","KADUNA"
"Kudan","KADUNA"
"Lere","KADUNA"
"Makarfi","KADUNA"
"Sabon-Gari","KADUNA"
"Sanga","KADUNA"
"Soba","KADUNA"
"Tundun-Wada/Makera","KADUNA"
"Zango-Kataf","KADUNA"
"Zaria","KADUNA"
"Kaduna-South","KADUNA"
"Kaura","KADUNA"
"Kubau","KADUNA"
"Birnin-Gwari","KADUNA"
"Chikun","KADUNA"
"Giwa","KADUNA"
"Gwagwada","KADUNA"
"Igabi","KADUNA"
"Ikara","KADUNA"
"Jaba","KADUNA"
"Jema's","KADUNA"
"Kachia","KADUNA"
"Kaduna-North","KADUNA"
"Ajingi","KANO"
"Albasu","KANO"
"Bagwai","KANO"
"Bebeji","KANO"
"Bichi","KANO"
"Bunkure","KANO"
"Dala","KANO"
"Dambatta","KANO"
"Dawakin-Kudu","KANO"
"Dawakin-Tofa","KANO"
"Doguwa","KANO"
"Faggae","KANO"
"Gabasawa","KANO"
"Garko","KANO"
"Garun-Mallam","KANO"
"Gaya","KANO"
"Gezawa","KANO"
"Gwale","KANO"
"Gwarzo","KANO"
"Kabo","KANO"
"Kano-Municipal","KANO"
"Karaye","KANO"
"Kibiya","KANO"
"Kiru","KANO"
"Kumbotso","KANO"
"Kunchi","KANO"
"Kura","KANO"
"Madobi","KANO"
"Makoda","KANO"
"Minjibir","KANO"
"Nasarawa","KANO"
"Rano","KANO"
"Rimin-Gado","KANO"
"Ruge","KANO"
"Shanono","KANO"
"Sumaila","KANO"
"Takai","KANO"
"Tarauni","KANO"
"Tofa","KANO"
"Tsanyawa","KANO"
"Tundun-Wada","KANO"
"Ungogo","KANO"
"Warawa","KANO"
"Wudit","KANO"
"Bakori","KATSINA"
"Batagarawa","KATSINA"
"Batsari","KATSINA"
"Baure","KATSINA"
"Bindawa","KATSINA"
"Charanchi","KATSINA"
"Danja","KATSINA"
"Dandume","KATSINA"
"Dan Musa","KATSINA"
"Daura","KATSINA"
"Dutsi","KATSINA"
"Dustsinma","KATSINA"
"Faskari","KATSINA"
"Funtua","KATSINA"
"Ingawa","KATSINA"
"Jibia","KATSINA"
"Kafur","KATSINA"
"Kaita","KATSINA"
"Kankara","KATSINA"
"Kankia","KATSINA"
"Kastina","KATSINA"
"Kurfi","KATSINA"
"Kusada","KATSINA"
"Mai-Adua","KATSINA"
"Malumfashi","KATSINA"
"Mani","KATSINA"
"Mashi","KATSINA"
"Matazu","KATSINA"
"Musawa","KATSINA"
"Rimi","KATSINA"
"Sabuwa","KATSINA"
"Safana","KATSINA"
"Sandamu","KATSINA"
"Zango","KATSINA"
"Aleiro","KEBBI"
"Arewa","KEBBI"
"Argungu","KEBBI"
"Augie","KEBBI"
"Bagudo","KEBBI"
"Birni-Kebbi","KEBBI"
"Bumza","KEBBI"
"Dandi","KEBBI"
"Danko","KEBBI"
"Fakai","KEBBI"
"Gwandu","KEBBI"
"Jega","KEBBI"
"Kalgo","KEBBI"
"Koko-Besse","KEBBI"
"Maiyama","KEBBI"
"Ngaski","KEBBI"
"Sakaba","KEBBI"
"Shanga","KEBBI"
"Suru","KEBBI"
"Wasagu","KEBBI"
"Yauri","KEBBI"
"Zuru","KEBBI"
"Adavi","KOGI"
"Ajaokuta","KOGI"
"Ankpa","KOGI"
"Bassa","KOGI"
"Dekina","KOGI"
"Ihaji","KOGI"
"Idah","KOGI"
"Igalamela","KOGI"
"Ijumu","KOGI"
"Kabba/Bumu","KOGI"
"Kogi","KOGI"
"Lokoja","KOGI"
"Mopa-Muro-Mopi","KOGI"
"Ofu","KOGI"
"Ogori/Magongo","KOGI"
"Okehi","KOGI"
"Okene","KOGI"
"Olamaboro","KOGI"
"Omala","KOGI"
"Oyi","KOGI"
"Yagba-East","KOGI"
"Yagba-West","KOGI"
"Asa","KWARA"
"Baruten","KWARA"
"Edu","KWARA"
"Ekiti","KWARA"
"Ifelodun","KWARA"
"Ilorin-East","KWARA"
"Ilorin-South","KWARA"
"Ilorin-West","KWARA"
"Irepodun","KWARA"
"Isin","KWARA"
"Kaiama","KWARA"
"Moro","KWARA"
"Offa","KWARA"
"Oke-Ero","KWARA"
"Oyun","KWARA"
"Pategi","KWARA"
"Agege","LAGOS"
"Ajeromi-Ifelodun","LAGOS"
"Alimosho","LAGOS"
"Amuwo-Odofin","LAGOS"
"Apapa","LAGOS"
"Badagry","LAGOS"
"Epe","LAGOS"
"Eti-Osa","LAGOS"
"Ibeju-Lekki","LAGOS"
"Ifako-Ijaiye","LAGOS"
"Ikeja","LAGOS"
"Ikorodu","LAGOS"
"Kosofe","LAGOS"
"Lagos Island","LAGOS"
"Lagos Mainland","LAGOS"
"Mushin","LAGOS"
"Ojo","LAGOS"
"Oshodi-Isolo","LAGOS"
"Shomolu","LAGOS"
"Surulere","LAGOS"
"Akwanga","NASARAWA"
"Awe","NASARAWA"
"Doma","NASARAWA"
"Karu","NASARAWA"
"Keana","NASARAWA"
"Keffi","NASARAWA"
"Kokoma","NASARAWA"
"Lafia","NASARAWA"
"Nasarawa","NASARAWA"
"Nassara Eggon","NASARAWA"
"Obi","NASARAWA"
"Toto","NASARAWA"
"Wamba","NASARAWA"
"Agale","NIGER"
"Agwara","NIGER"
"Bida","NIGER"
"Borgu","NIGER"
"Bosso","NIGER"
"Chanchaga","NIGER"
"Edati","NIGER"
"Gboko","NIGER"
"Guara","NIGER"
"Katcha","NIGER"
"Kontagora","NIGER"
"Lapai","NIGER"
"Lavum","NIGER"
"Magama","NIGER"
"Mariga","NIGER"
"Mashegu","NIGER"
"Mokwa","NIGER"
"Muya","NIGER"
"Paikoro","NIGER"
"Rafi","NIGER"
"Riinu","NIGER"
"Shiroro","NIGER"
"Suleja","NIGER"
"Tafa","NIGER"
"Wushishi","NIGER"
"Bida LGA","NIGER"
"Abeokuta_North","OGUN"
"Abeokuta_South","OGUN"
"Ado-Odo/Ota","OGUN"
"Yewa-North","OGUN"
"Yewa-South","OGUN"
"Ewekoro","OGUN"
"Idarapo","OGUN"
"Ifo","OGUN"
"Ijebu-East","OGUN"
"Ijebu-North","OGUN"
"Ijebu North-East","OGUN"
"Ijebu-Ode","OGUN"
"Ikenne","OGUN"
"Alaro","OGUN"
"Imeko-Afon","OGUN"
"Ipokia","OGUN"
"Obafemi-Owode","OGUN"
"Odeda","OGUN"
"Odogbolu","OGUN"
"Ogun Waterside","OGUN"
"Remo-North","OGUN"
"Shagamu","OGUN"
"Akoko-North-East","ONDO"
"Akoko-North-West","ONDO"
"Akoko-South-West","ONDO"
"Akoko-South-East","ONDO"
"Ese-Odo","ONDO"
"Idanre","ONDO"
"Ifredore","ONDO"
"Ilaje","ONDO"
"Ilaje-West","ONDO"
"Ile-Oluji-Okeigbo","ONDO"
"Irele","ONDO"
"Odigbo","ONDO"
"Okitipupa","ONDO"
"Ondo-West","ONDO"
"Ondo-East","ONDO"
"Ose","ONDO"
"Owo","ONDO"
"Akure-North","ONDO"
"Akure North","ONDO"
"Akure-South","ONDO"
"Atakumosa","OSUN"
"Atakumosa East","OSUN"
"Ayedade","OSUN"
"Ayedire","OSUN"
"Boluwaduro","OSUN"
"Boripe","OSUN"
"Ede","OSUN"
"Ede North","OSUN"
"Egbedore","OSUN"
"Ejigbo","OSUN"
"Ife","OSUN"
"Ife East","OSUN"
"Ife North","OSUN"
"Ife South","OSUN"
"Ifedayo","OSUN"
"Ifelodun","OSUN"
"Ila","OSUN"
"Ilesha","OSUN"
"Ilesha West","OSUN"
"Irepodun","OSUN"
"Irewole","OSUN"
"Isokan","OSUN"
"Iwo","OSUN"
"Obokun","OSUN"
"Odo-otin","OSUN"
"Ola Oluwa","OSUN"
"Olorunda","OSUN"
"Ori-Ade","OSUN"
"Orolu","OSUN"
"Osogbo","OSUN"
"Afijio","OYO"
"Akinyele","OYO"
"Atiba","OYO"
"Atisbo","OYO"
"Egbeda","OYO"
"Ibadan Central","OYO"
"Ibadan North-East","OYO"
"Ibadan North West","OYO"
"Ibadan South East","OYO"
"Ibadan South West","OYO"
"ibarapa Central","OYO"
"Ibarapa East","OYO"
"Ibarapa North","OYO"
"Ido","OYO"
"Ifedayo","OYO"
"Ifeloju","OYO"
"Irepo","OYO"
"Iseyin","OYO"
"Itesiwaju","OYO"
"Iwajowa","OYO"
"Kajola","OYO"
"Lagelu","OYO"
"Odo-Oluwa","OYO"
"Ogbomoso-North","OYO"
"Ogbomoso-South","OYO"
"Olorunsogo","OYO"
"Oluyole","OYO"
"Ona-Ara","OYO"
"Orelope","OYO"
"Ori-Ire","OYO"
"Oyo-East","OYO"
"Oyo-West","OYO"
"Saki-East","OYO"
"Saki-West","OYO"
"Surulere","OYO"
"Barkin-Ladi","PLATEAU"
"Bassa","PLATEAU"
"Bokkos","PLATEAU"
"Jos-East","PLATEAU"
"Jos-North","PLATEAU"
"Jos-South","PLATEAU"
"Kanam","PLATEAU"
"Kanke","PLATEAU"
"Langtang-North","PLATEAU"
"Langtang-South","PLATEAU"
"Mangu","PLATEAU"
"Mikang","PLATEAU"
"Pankshin","PLATEAU"
"Quan'Anpan","PLATEAU"
"Riyom","PLATEAU"
"Shendam","PLATEAU"
"Wase","PLATEAU"
"Abua/Odual","RIVERS"
"Ahoada-East","RIVERS"
"Ahoada-West","RIVERS"
"Akukutoru","RIVERS"
"Andoni","RIVERS"
"Asari-Toru","RIVERS"
"Bonny","RIVERS"
"Degema","RIVERS"
"Eleme","RIVERS"
"Elfane","RIVERS"
"Emuoha","RIVERS"
"Etche","RIVERS"
"Gokana","RIVERS"
"Ikwerre","RIVERS"
"Khana","RIVERS"
"Obio/Akpor","RIVERS"
"Ogba/Egbema/Ndoni","RIVERS"
"Ogu/Bolo","RIVERS"
"Okrika","RIVERS"
"Omuma","RIVERS"
"Opobo/Nkoro","RIVERS"
"Oyigbo","RIVERS"
"Port-Harcourt","RIVERS"
"Tai","RIVERS"
"Binji","SOKOTO"
"Bodinga","SOKOTO"
"Dange-Shuni","SOKOTO"
"Gada","SOKOTO"
"Goronyo","SOKOTO"
"Gudu","SOKOTO"
"Gwadabawa","SOKOTO"
"Illela","SOKOTO"
"Isa","SOKOTO"
"Kebbe","SOKOTO"
"Kware","SOKOTO"
"Raba","SOKOTO"
"Sabo-Birni","SOKOTO"
"Shagari","SOKOTO"
"Sokoto-North","SOKOTO"
"Sokoto-South","SOKOTO"
"Tambuwal","SOKOTO"
"Tangaza","SOKOTO"
"Tureta","SOKOTO"
"Wamakko","SOKOTO"
"Wurno","SOKOTO"
"Yabo","SOKOTO"
"Silame","SOKOTO"
"Ardo-Kola","TARABA"
"Bali","TARABA"
"Donga","TARABA"
"Gashika","TARABA"
"Gassol","TARABA"
"Ibi","TARABA"
"Jalingo","TARABA"
"Karim-Lamido","TARABA"
"Kurmi","TARABA"
"Lau","TARABA"
"Sardauna","TARABA"
"Takum","TARABA"
"Ussa","TARABA"
"Wukari","TARABA"
"Yorro","TARABA"
"Zing","TARABA"
"Bade","YOBE"
"Bursali","YOBE"
"Damaturu","YOBE"
"Fika","YOBE"
"Fune","YOBE"
"Geidam","YOBE"
"Gogaram","YOBE"
"Gujiba","YOBE"
"Gulani","YOBE"
"Jakusko","YOBE"
"Karasuwa","YOBE"
"Machina","YOBE"
"Nangere","YOBE"
"Nguru","YOBE"
"Potiskum","YOBE"
"Tarmua","YOBE"
"Yunusari","YOBE"
"Yusufari","YOBE"
"Anka","ZAMFARA"
"Bakura","ZAMFARA"
"Bukkuyum","ZAMFARA"
"Bungudo","ZAMFARA"
"Gumi","ZAMFARA"
"Gusau","ZAMFARA"
"Isa","ZAMFARA"
"Kaura-Namoda","ZAMFARA"
"Kiyawa","ZAMFARA"
"Maradun","ZAMFARA"
"Maru","ZAMFARA"
"Shinkafi","ZAMFARA"
"Talata-Mafara","ZAMFARA"
"Tsafe","ZAMFARA"
"Zurmi","ZAMFARA"
