"ID","NAME","COUNTRY_ID"
8,"Nigerian",1
9,"Afghan",2
10,"Albanian",4
11,"Algerian",5
12,"American",233
13,"Andorran",7
14,"Angolan",8
15,"Antiguans",11
16,"Argentinean",12
17,"Armenian",13
18,"Australian",15
19,"Austrian",16
20,"Azerbaijani",17
21,"Bahamian",18
22,"Bahraini",19
23,"Bangladeshi",20
24,"Barbadian",21
25,"Barbudans",26
26,"Batswana",30
27,"Belarusian",22
28,"Belgian",23
29,"Belizean",24
30,"Beninese",25
31,"Bhutanese",27
32,"Bolivian",28
33,"Bosnian",29
34,"Brazilian",32
35,"British",232
36,"Bruneian",34
37,"Bulgarian",35
38,"Burkinabe",36
39,"Burmese",152
40,"Burundian",37
41,"Cambodian",38
42,"Cameroonian",39
43,"Canadian",40
44,"Cape Verdean",41
45,"Central African",43
46,"Chadian",44
47,"Chilean",45
48,"Chinese",46
49,"Colombian",49
50,"Comoran",50
51,"Congolese",51
52,"Costa Rican",54
53,"Croatian",56
54,"Cuban",57
55,"Cypriot",58
56,"Czech",59
57,"Dane",60
58,"Djibouti",61
59,"Dominican",62
60,"Dutch",156
61,"East Timorese",219
62,"Ecuadorean",64
63,"Egyptian",65
64,"Emirian",231
65,"Equatorial Guinean",67
66,"Eritrean",68
67,"Estonian",69
68,"Ethiopian",70
69,"Fijian",73
70,"Filipino",174
71,"Finnish",74
72,"French",75
73,"Gabonese",79
74,"Gambian",80
75,"Georgian",81
76,"German",82
77,"Ghanaian",83
78,"Greek",85
79,"Grenadian",87
80,"Guatemalan",90
81,"Guinea-Bissauan",93
82,"Guinean",92
83,"Guyanese",94
84,"Haitian",95
85,"Herzegovinian",29
86,"Honduran",98
87,"Hungarian",100
88,"Icelander",101
89,"Indian",102
90,"Indonesian",103
91,"Iranian",104
92,"Iraqi",105
93,"Irish",106
94,"Israeli",108
95,"Italian",109
96,"Ivorian",55
97,"Jamaican",110
98,"Japanese",111
99,"Jordanian",113
100,"Kazakhstani",114
101,"Kenyan",115
102,"Kittian and Nevisian",18
103,"Kuwaiti",119
104,"Kyrgyz",120
105,"Laotian",121
106,"Latvian",122
107,"Lebanese",123
108,"Liberian",125
109,"Libyan",126
110,"Liechtensteiner",127
111,"Lithuanian",128
112,"Luxembourger",129
113,"Macedonian",131
114,"Malagasy",132
115,"Malawian",133
116,"Malaysian",134
117,"Maldivan",135
118,"Malian",136
119,"Maltese",137
120,"Marshallese",138
121,"Mauritanian",140
122,"Mauritian",141
123,"Mexican",143
124,"Micronesian",144
125,"Moldovan",145
126,"Monacan",146
127,"Mongolian",147
128,"Moroccan",150
129,"Mosotho",124
130,"Motswana",30
131,"Mozambican",151
132,"Namibian",153
133,"Nauruan",154
134,"Nepalese",155
135,"Netherlander",157
136,"New Zealander",159
137,"Ni-Vanuatu",237
138,"Nicaraguan",160
140,"North Korean",117
141,"Northern Irish",106
142,"Norwegian",165
143,"Omani",166
144,"Pakistani",167
145,"Palauan",168
146,"Panamanian",170
147,"Papua New Guinean",171
148,"Paraguayan",172
149,"Peruvian",173
150,"Polish",176
151,"Portuguese",177
152,"Qatari",179
153,"Romanian",181
154,"Russian",182
155,"Rwandan",183
156,"Saint Lucian",187
157,"Salvadoran",66
158,"Samoan",191
159,"San Marinese",192
160,"Sao Tomean",193
161,"Saudi",194
162,"Scottish",
163,"Senegalese",195
164,"Serbian",196
165,"Seychellois",197
166,"Sierra Leonean",198
167,"Singaporean",199
168,"Slovakian",200
169,"Slovenian",201
170,"Solomon Islander",202
171,"Somali",203
172,"South African",204
173,"South Korean",249
174,"Spanish",206
175,"Sri Lankan",207
176,"Sudanese",208
177,"Surinamer",209
178,"Swazi",211
179,"Swedish",212
180,"Swiss",213
181,"Syrian",214
182,"Taiwanese",215
183,"Tajik",216
184,"Tanzanian",217
185,"Thai",218
186,"Togolese",220
187,"Tongan",222
188,"Trinidadian",223
189,"Tunisian",224
190,"Turkish",225
191,"Tuvaluan",228
192,"Ugandan",229
193,"Ukrainian",230
194,"Uruguayan",235
195,"Uzbekistani",236
196,"Venezuelan",239
197,"Vietnamese",240
198,"Welsh",243
199,"Yemenite",245
200,"Zambian",246
201,"Zimbabwean",247
202,"Nigerien",161
204,"Niuean",162
203,"Montenegrin",148
