"ID","NAME"
2040165,"COMMUNICATION"
2040164,"UNDERWATER INSPECTION  SERVICES"
2040163,"ONSHORE PIPELINESTORAGE FACILITY MAINTENANCE"
2040162,"ONSHORE PIPELINESTORAGE FACILITY MAINTENANCE"
2040161,"NIGERIAN MANPOWER SUPPLY"
2040160,"ENVIRONMENTAL RESTORATION SERVICES"
2040159,"BANKING AND FINANCIAL SERVICES"
2040158,"MEDICAL PHARMACEUTICAL SERVICES"
2040157,"WORKS"
2040156,"SPECIALISED OIL AND GAS TRAINING SERVICES"
2040155,"LOCAL FREIGHT CLEARING AND FORWARDING"
2040154,"REHABILITATION UPGRADE AND FABRICATION WORKS"
2040153,"SUPPLY SERVICES"
2040152,"HEAVY EQUIPMENT HIRE AND LEASING ONLY"
2040151,"HEAVY DUTY EQUIPMENT SUPPLY INSTALLATION AND MAINTENANCE"
2040149,"UNDERWATER INSPECTION AND SERVICES"
2040148,"SUPPLY"
2040147,"LOCAL GAS DISTRIBUTION SERVICES"
2040146,"ONSHORE PIPELINE LAYING"
2040144,"AIR TRANSPORTATION"
2040143,"PIPELINE AND PROCESS MAINTENANCE"
2040142,"ADVANCED NDT AND INSPECTION"
2040141,"CONVENTIONAL NDT AND INSPECTION"
2040140,"ARTIFICIAL LIFT"
2040139,"COMPLETIONS AND WELLBORE INTERVENTION SERVICES"
2040138,"PRESSURE PUMPING SERVICES"
2040137,"DRILLING AND COMPLETION FLUIDS SERVICES"
2040136,"PRODUCTION CHEMICALS SUPPLY SERVICES"
2040135,"DRILL BIT SERVICES"
2040134,"PIPELINE INSPECTION SERVICES"
2040133,"PIPELINE AND PROCESS SERVICES"
2040132,"WIRELINE SERVICES"
2040131,"FIRE SAFETY MANAGEMENT"
2040130,"PROCUREMENT AND SUPPLIES "
2040129,"MARINE LOGISTICS"
2040128,"MAJOR CONSTRUCTION SERVICES"
2040127,"INSULATION AND FIREPROOFING SERVICES"
2040126,"INSTALLATION AND MAINTENANCE SERVICES "
2040125,"FACILITY MAINTENANCE"
2040124,"REHABILITATION UPGRADE AND FABRICATION"
2040123,"OFFSHORE PIPELINE LAYING"
2040122,"TRANSFORMER MANUFACTURING"
2040121,"ONSHORE ENVIRONMENTAL AND WASTE MANAGEMENT"
2040120,"INFORMATION COMMUNICATION TECHNOLOGY SERVICES "
2040119,"ENGINEERING PROCUREMENT CONSTRUCTION INSTALLATION COMMISSIONING"
2040118,"ENGINEERING PROCUREMENT CONSTRUCTION INSTALLATION "
2040117,"ENGINEERING PROCUREMENT CONSTRUCTION "
2040116,"ENGINEERING PROCUREMENT "
2040115,"ENGINEERING"
2040114,"TRANSPORTATION SUPPLY DISPOSAL SERVICES"
2040113,"REFINERY SERVICES"
2040112,"OTHER SUPPORTING SERVICES"
2040111,"EXCHANGE AND THROUGHPUT SERVICES"
2040110,"SERVICE STATION MAINTENANCE SERVICES"
2040109,"DECOMMISSIONING AND ABANDONMENT SERVICES"
2040108,"FINANCIAL AND INSURANCE SERVICES"
2040107,"CERTIFICATION AND INTEGRITY SERVICES"
2040106,"PETROLEUM TECHNOLOGY SERVICES"
2040105,"INFORMATION COMMUNICATION TECHNOLOGY"
2040104,"SEISMIC AND GEOPHYSICAL SERVICES"
2040103,"SURVEYING AND POSITIONING SERVICES"
2040102,"INSPECTION CONTROL AND TESTING SERVICES"
2040101,"INSTALLATION SERVICES AND MARINE CONTRACTING"
2040100,"CONSTRUCTION MODIFICATION REPAIR MAINTENANCE REFURBISHMENT SERVICES"
2040099,"EXPLORATION DRILLING AND PRODUCTION SERVICES"
2040098,"RESEARCH AND DEVELOPMENT SERVICES"
2040097,"ENGINEERING SUPPORT SERVICES"
2040096,"INTEGRATED SERVICES"
2040095,"ENGINEERING PROCUREMENT CONSTRUCTION INSTALLATION AND COMMISSIONING SERVICES"
2040094,"ENGINEERING PROCUREMENT CONSTRUCTION AND INSTALLATION SERVICES"
2040093,"ENGINEERING PROCUREMENT AND CONSTRUCTION SERVICES"
2040092,"ENGINEERING AND PROCUREMENT SERVICES"
2040091,"ENGINEERING SERVICES"
2040090,"ROPE ACCESS SERVICES"
1020040,"NONDESTRUCTIVE TESTING"
694097,"MACHINING"
190063,"WELDING SERVICES"
51707,"WATER BOREHOLE DRILLING"
51701,"WATER BOREHOLE SERVICES"
51640,"WASTE MANAGEMENT SERVICES"
51613,"TELECOMMUNICATION SERVICES"
51609,"TECHNICAL INTEGRITY ASSURANCE"
51261,"TECHNICAL CONSULTANCY SERVICES"
51136,"SURVEY SERVICES"
51134,"SPECIAL TRASNPORTATION SERVICES"
50723,"SPECIAL TRANSPORTATION SERVICES"
50474,"PROTOCOL LOGISTICS SERVICES"
50470,"PRODUCTION SERVICES"
50463,"PRODUCTION FACILITY INTEGRITY TEST SERVICES"
50293,"PRINTING SERVICES"
50037,"PIPELINE/MAINTENANCE SERVICES"
50033,"PIPELINE/STORAGE MAINTENANCE SERVICES"
49902,"PIPELINE SERVICES"
49896,"PIPELINE MAINTENANCE SUPPORT SERVICES"
49285,"PIPELINE MAINTENANCE SERVICES"
49282,"MINOR MAINTENANCE SERVICES"
49279,"MINOR CONSTURCTION SERVICES"
48301,"MINOR CONSTRUCTION MAINTENANCE SERVICES"
48288,"MINOR CONSTRUCTION SERVICESS"
48149,"MEDICAL SERVICES"
48062,"MATERIAL SUPPLY SERVICES"
48058,"MATERIAL SERVICES"
47579,"MARINE SUPPORT SERVICES"
47573,"MANUFACTURING SERVICES"
46995,"MAINTENANCE SERVICESS"
46861,"LABORATORY SERVICES"
46835,"INTERNATIONAL FREIGHT FORWARDING"
46832,"INTERNATIONAL FREIGHT/CLEARING FORWARDING SERVICES"
46583,"INTEGRITY TEST SERVICES"
46430,"INSURANCE SERVICES"
46160,"HOSPITALITY SERVICES"
46129,"HOSPITAL/MEDICAL SERVICES"
46105,"HOSPITAL SERVICES"
45979,"HEAVYDUTY EQUIPMENT SUPPLY SERVICES"
45963,"HEAVY DUTY MATERIAL SUPPLY SERVICES"
45736,"HEAVY DUTY EQUIPMENT SERVICES"
45727,"HEAVY DUTY EQUIPMENT SUPPLY SERVICES"
45131,"HAULAGE SERVICES"
45125,"FACILITY INTEGRITY TEST SERVICES"
45124,"EXPLORATION SERVICES SEISMIC DATA ACQUISITION AND INTERPRETATION"
45122,"EXPLORATION SERVICES DST SURFACE WELL TESTING"
45001,"EXPLORATION SERVICES"
43184,"EQUIPMENT SUPPLY SERVICESS"
43180,"EQUIPMENT MAINTENANCE SERVICES"
43164,"EQUIPMENT/MATERIAL SUPPLY SERVICES"
42579,"ENVIRONMENTAL CONSULTANCY SERVICES"
42572,"ENVIRONMENTAL SERVICES"
42491,"DRILLING/PRODUCTION SERVICES"
42478,"DRILLING SUPPORT SERVICES"
42059,"DRILLING SERVICES"
42053,"DRILLING PRODUCTION SERVICES"
41911,"DIVING SERVICES"
41907,"DREDGING SERVICES"
41836,"DATA MEASUREMENT SERVICES"
41834,"COURIER EXPRESS AND SUPPLY CHAIN SERVICES"
39140,"CONSTRUCTION MAINTENANCE SERVICES"
39096,"CHEMICAL SUPPLY SERVICES"
39086,"CHEMICAL SERVICES"
39080,"CARGO SURVEY SERVICES"
38723,"CALIBRATION SERVICES"
38705,"BANKING SERVICES"
38670,"AVIATION SUPPORT SERVICES"
38629,"AUTOMOBILE SERVICES"
38626,"MATERIALS SUPPLY SERVICES"
38622,"TECHNICAL CONSULTANCY"
38610,"MAINTENANCE SERVICES"
38606,"EQUIPMENT SUPPLY SERVICES"
38602,"CONSULTANCY SERVICES"
38598,"CONSTRUCTION SERVICES"
