"ID","NAME"
10,"Rope Access  Working at Height "
9,"Mooring Master"
17,"Analysis Skill"
18,"Funds Management"
30,"Knowledge in surficial and near surficial sediments for geochemical"
31,"Knowledge in noise attenuation"
34,"Interface Management"
38,"Instrumentation Training and Certifications "
1001,"Communication"
1002,"Public Speaking"
1004,"Welding"
1005,"Analytics"
1006,"Active Learning"
1007,"Active Listening"
1008,"Critical Thinking"
1009,"Learning Strategy"
1010,"Bargaining"
1012,"Monitoring "
1013,"Reading Comprehension"
1014,"Sciences"
1015,"Speaking"
1016,"Writing "
1017,"Complex problem solving"
1018,"Management of Financial Resources"
1019,"Management of Material Resources                                  "
1020,"Management of Personnel Resources"
1021,"Time Management"
1022,"Coordination "
1023,"Instructing"
1024,"Negotiating"
1025,"Persuasion"
1026,"Service Orientation "
1027,"Social Perceptiveness "
1028,"Judgment and Decision Making"
1029,"Systems Analysis"
1030,"Systems Evaluation"
1031,"Learning to Learn"
1032,"Listening"
1033,"Group effectiveness"
1034,"Interpersonal"
1035,"Leadership"
1036,"Organizational "
1037,"Motivational"
1038,"Self-esteem"
1039,"AutoCAD 2D & 3D modeling"
1040,"Pipeline/Plant design management"
1041,"Process Modeling and Simulation"
1042,"Piping Design and Stress Analysis"
1043,"Exploration skills"
1044,"3D seismic interpretation"
1045,"SMT Kingdom"
1046,"Seismic Attributes"
1047,"Depth Conversion"
1048,"Basin Modeling"
1049,"Reservoir Geology"
1050,"Seismic Imaging"
1051,"Enertia"
1052,"Oil Exploration"
1053,"Seismic Inversion"
1054,"AVO"
1055,"BOLO"
1056,"Exploration Geologists"
1057,"Geographix"
1058,"Division Orders"
1059,"Kingdom Suite"
1060,"Carbonates"
1061,"Geophysical Data Processing"
1062,"Petroleum System"
1063,"Drilling"
1064,"Well Planning"
1065,"Directional drilling"
1066,"Measurement while drilling"
1067,"Mud logging"
1068,"Mud Engineering"
1069,"Cementing"
1070,"Solid control"
1071,"Filtration"
1072,"casing"
1073,"Stimulation"
1074,"Sand control"
1075,"Coiled tubing"
1076,"wire line logging"
1077,"production"
1078,"Refining"
1079,"Distribution"
1080,"Shipping"
1081,"Engineering"
1082,"Construction"
1083,"Welding technology"
1084,"Quality Assurance/Control/Inspection"
1085,"security"
1086,"Health and safety"
1087,"Petroleum marketing"
1088,"tank farm"
1089,"community and public relations"
1090,"health safety security and enviroment"
1091,"freedom to operate skills"
1092,"security risk assessment"
1093,"Plant design"
1094,"Drafting"
1095,"3D modelling"
1096,"Project management"
1097,"Scheduling"
1098,"Planning"
1099,"Pipe stress analysis/simulation"
1100,"Process flow simulation"
1101,"calculation"
1102,"Structural analysis"
1103,"Modelling and design"
1104,"Instrumentation and control"
1105,"analysis with portfolion and project modelling"
1106,"Risk Assesment"
1107,"Petroleum contracts and negotiation"
1108,"Gas reserves Evaluation"
1109,"Risk and decision analysis"
1110,"Safety management"
1111,"Security management"
1112,"Prodcution management"
1113,"Maintenance management"
1114,"Purchasing"
1115,"suppy chain management"
1116,"Competence In Process Plant & Equipment Isolations"
1117,"Diesel Engine Servicing & Fault Finding"
1118,"Fire & Gas System Maintenance"
1119,"Flange Make Up & Bolting For Integrity"
1120,"Mechanical Plant Inspection"
1121,"Metering Sampling And Pigging"
1122,"Practical Diesel Engine Overhaul"
1123,"Pressure Testing"
1124,"Vibration Measurement & Analysis"
1125,"Process Control Valves"
1126,"Rotating Machinery Alignment Techniques"
1127,"Bore Tubing & Pipework"
1128,"Valve Maintenance & Valve Pressure Testin"
1129,"well and drilling intervention"
1130,"Drilling well control"
1131,"Drilling calculations"
1132,"Oil well construction"
1133,"Marine Engineering"
1134,"Management, Inspection & Testing Of Portable Electrical Equipment"
1135,"Emergency Response"
1136,"Field Service Tech"
1137,"Project Engineer"
1138,"Structural Engineering"
1139,"Process Control"
1140,"Mechanical Engineering"
1141,"Rig Electrician"
1142,"Rig Mechanic"
1143,"Subsea Engineer"
1144,"Surveying"
1145,"Well Site Supervisor"
1146,"Tool pusher"
1147,"Gas Plant Operation"
1148,"Fracturing"
1149,"Workover or completion"
1150,"Refinery / Plant Operator"
1151,"HSE Auditor"
1152,"Regulatory Compliance"
1153,"Safety Engineering"
1154,"Technical Writing"
1155,"Process Engineer"
1156,"Marine surveyor"
1157,"Pipline Engineering"
1158,"fabrication"
1159,"Naval architecture"
1160,"facilities engineering"
1161,"Oil terminal/storage management"
1162,"Materials management skills"
1163,"logistics"
1164,"Document control"
1165,"Administrative"
1166,"Project control"
1167,"HSE Auditor"
1168,"Crane operator"
1169,"Rigger"
1170,"Scafolding"
1171,"Commisioning inspector"
1172,"Formation testing"
1173,"Field Development and Reservoir Management"
1174,"slabbing"
1175,"Plugging"
1176,"Special core analysis"
1177,"Earthquake analysis"
1178,"Stress analysis"
1179,"comunication"
1180,"Leadership"
1181,"Essential negotiation"
1182,"Financial modeling"
1183,"Turner"
1184,"Slickline"
1185,"Positioning"
1186,"Floating systems"
1187,"Chemist"
1188,"Metallurgy"
1189,"civil Engineering"
1190,"Sales and marketing"
1191,"Wireline"
1192,"Gas processing"
1193,"Market evaluation"
1194,"Asset management"
1195,"Corossion engineering"
1196,"Executive"
1197,"Reliability Engineer"
1198,"Civil Construction"
1199,"Electrical engineering"
1200,"Well servicing and testing"
1201,"Electrical engineering"
1202,"deep water"
1203,"Business development"
1204,"Cost Engineering"
1205,"Landman"
1206,"Financial and accounting"
1207,"IT networking"
1208,"System admin and support"
1209,"Catalytic cracking"
1210,"Roustabout"
1211,"Budget planning/cost control"
1212,"Price risk management"
1213,"Certification Engineering"
1214,"Painting/coating/blasting"
1215,"offshore positon surveying"
1216,"Derrickman"
1217,"petroleum engineering"
1218,"Installation engineering"
1219,"Radioman"
1220,"Barge engineering"
1221,"motorman"
1222,"petrophycicist"
1223,"Geologist"
1224,"Geophysicist"
1225,"Seismic"
1226,"Reservoir engineering"
1227,"Geoscientist"
1228,"Geomodelling"
1229,"Cataography/mapping"
1230,"Software Specialist"
1231,"geotechnical"
1232,"Riser Engineering"
1233,"fishing"
1234,"catering"
1235,"Ship deckhand"
1236,"field communication"
1237,"Perforation"
1238,"Snubbing"
1239,"instrumentation technologist"
1240,"Rig file clerk"
1241,"Balast control tech"
1242,"Ships engineer"
1243,"ROV Tech pilot"
1244,"Piplay"
1245,"Diving"
1246,"Seaman"
1247,"Machinist"
1248,"Mining"
1249,"Electrician"
1250,"Fitter"
1251,"Heavy machinery operator"
1252,"legal"
1253,"process management"
1254,"Research and development"
1255,"Operations"
1256,"Design Engineering"
1257,"lead process engineering"
1258,"Interface engineering"
1259,"ROV support engineering"
1260,"Tool making"
1261,"Platering"
1262,"Pipeline Engineering"
1263,"Pipe inspection/NDT"
1264,"loss prevention"
1265,"Fire fighting"
1266,"Enviromental engineering"
1267,"Chemical engineering"
1268,"Paramedic"
1269,"Instructor"
1270,"Human Resource"
1271,"Instructing"
1272,"Technical sales"
1273,"Insurance adjusment"
1274,"Financial audit"
1275,"Contract Administration"
1276,"Prodcuction engineering"
1277,"Pumping"
1278,"IT-Programming & Database"
1279,"IT - Analysis & Managemen"
1280,"Noise control engineering"
1281,"stress management"
1282,"Corprate social responsibility"
1283,"Oil detective"
1284,"Community affairs and development"
1285,"sedimentologist"
1286,"Micropaleontologist"
1287,"Biostratigraphy"
1288,"Preservation and storage"
1289,"wellsite engineering"
1290,"Laboratory engineering"
1291,"exploration and development"
1292,"EOR Engineering"
1293,"oil refining and marketing"
1294,"oil refining and technology"
1295,"Downstream operation"
1296,"subsurface evaluation"
1297,"surface development and engineering"
1298,"Pressure vessel engineering"
11,"Aviation"
12,"Contract Technical Specification"
13,"Compliance with standards or procedures"
15,"Strong negotiation skills"
16,"Stellar managerial abilities"
19,"Vendor relationship management"
22,"Networking Skills"
26,"Geophysical Site Investigation Acquisition"
28,"Operations integrity management systems procedures"
37,"People Management"
39,"Preliquisite Security Certifications and Training"
41,"Commissioning Certifications and Trainings"
14,"Knowledge of relevant codes"
20,"Discipline Design Standards"
21,"Discipline Specifications "
23,"Knowledge of Electrical Engineering Principles and Techniques"
24,"Coaching Skills"
25,"Seismic Equipment Operation"
27,"Sampling and preservation of water columns"
29,"Controlled amplitude and controlled phase processing geophysical data"
32,"Acquisition techniques industry Safety Health and Environmental standards"
33,"Site investigation field operations"
35,"Problem solving"
36,"Mentoring skills"
40,"Preliquisite QAQC Certifications and Training"
42,"Requisite Certification Diving"
43,"supervision and coordination"
